mode,consumers,capacity,words,samples,clock_overhead_ns,push_p50_ns,push_p99_ns,recv_p50_ns,recv_p99_ns,producer_mev_s,overrun_rate
full_tilt,1,1024,4,1000000,7,7,44,9,57,38.6527,0.973737
full_tilt,2,1024,4,1000000,7,7,50,10,83,20.8486,0.843056
full_tilt,4,1024,4,1000000,7,8,23,9,78,15.3847,0.028603
paced,1,1024,4,1000000,7,6,7,7,57,1.0000,0.049406
paced,2,1024,4,1000000,7,7,7,7,63,1.0000,0.059278
paced,4,1024,4,1000000,7,7,9,7,76,1.0000,0.000000
