readers,writer_mode,samples,clock_overhead_ns,read_p50_ns,read_p99_ns,read_p999_ns,read_max_ns,mean_retries_per_load,write_p50_ns,write_p99_ns
1,full_tilt,1000000,10,10,10,10,6511,0.000151,10,10
2,full_tilt,2000000,10,10,10,10,6012927,0.000000,10,10
1,paced,1000000,10,10,10,10,3012607,0.000001,10,10
2,paced,2000000,10,10,10,10,6008831,0.000000,10,10
